{
  "rasa_nlu_data": {
    "common_examples": [
      {
        "intent": "intro",
        "entities": [
          {
            "start": 8,
            "end": 12,
            "value": "mike",
            "entity": "name"
          }
        ],
        "text": "This is mike from ntnt corporation"
      },
      {
        "intent": "intro",
        "entities": [
          {
            "start": 18,
            "end": 22,
            "value": "ntnt",
            "entity": "company"
          }
        ],
        "text": "This is mike from ntnt corporation"
      },
      {
        "intent": "ask_purpose",
        "entities": [
          {
            "start": 21,
            "end": 29,
            "value": "postpaid",
            "entity": "connection"
          }
        ],
        "text": "How would you like a postpaid connection"
      },
      {
        "intent": "ask_purpose",
        "entities": [
          {
            "start": 24,
            "end": 31,
            "value": "prepaid",
            "entity": "connection"
          }
        ],
        "text": "you are being using our prepaid connection"
      }
    ],
    "regex_features": [],
    "lookup_tables": [],
    "entity_synonyms": []
  }
}